{
  "PA": 0.006907980486351618,
  "AR": 0.0148540200350054,
  "RA": 0.018885226976501693,
  "AJ": 0.0005539418314527241,
  "JO": 0.0003584329497635274,
  "OA": 0.004357055077644956,
  "AO": 0.010394555543142293,
  "OM": 0.008765314862398987,
  "ME": 0.008299817525043756,
  "EU": 0.00497151156295386,
  "UF": 0.00032584813614866125,
  "FI": 0.0022949018731612857,
  "IL": 0.002024913417495252,
  "LH": 0.0022157673258108965,
  "HO": 0.0030583175064238634,
  "OQ": 0.003081592373291625,
  "QU": 0.016301716754180167,
  "UE": 0.0146492012065691,
  "EM": 0.010659889025434775,
  "ES": 0.01855472386697948,
  "ST": 0.006456448069117045,
  "TA": 0.0114186496853238,
  "AA": 0.004575838826201914,
  "AI": 0.005506833500912375,
  "IB": 0.00045153241723457343,
  "BE": 0.002471790861356273,
  "ER": 0.014197668789334525,
  "RN": 0.0013127024913417496,
  "NA": 0.010245596395188619,
  "RD": 0.0024298961009943023,
  "DO": 0.012275164786057424,
  "OH": 0.00038170781663128886,
  "HA": 0.006926600379845827,
  "AM": 0.013578557330652068,
  "ML": 0.00024205861542471978,
  "LE": 0.0060235355453766804,
  "ET": 0.00436636502439206,
  "AP": 0.006312143894536923,
  "PE": 0.005935091051279187,
  "EL": 0.009454250921684728,
  "EA": 0.006037500465497337,
  "AS": 0.01680910885189737,
  "SV": 0.0015733810002606784,
  "VE": 0.0044687744386102115,
  "EZ": 0.001671135441105277,
  "ZE": 0.0019737087103861768,
  "VO": 0.00840688191263546,
  "OC": 0.011153316203031319,
  "CE": 0.009803373924701151,
  "EF": 0.002257662086172867,
  "FA": 0.0021273228317134026,
  "AZ": 0.0011683983167616282,
  "ZI": 0.0007634156332625777,
  "IA": 0.00982199381819536,
  "AU": 0.0020993929914720887,
  "UM": 0.007159349048523443,
  "MP": 0.003807768219565784,
  "EN": 0.016343611514542136,
  "NS": 0.002560235355453767,
  "SA": 0.010334040889286113,
  "NT": 0.01168398316761628,
  "TO": 0.007894834841544707,
  "OE": 0.005674412542360258,
  "MO": 0.005981640785014709,
  "OR": 0.01065057907868767,
  "AV": 0.009426321081443414,
  "VA": 0.006563512456708748,
  "AN": 0.01158157375339813,
  "NE": 0.002239042192678658,
  "AF": 0.0024764458347298255,
  "SE": 0.01568260529549771,
  "EC": 0.006293524001042714,
  "CO": 0.012610322868953189,
  "ON": 0.006954530220087141,
  "TR": 0.0035377797638997503,
  "RU": 0.0014244218523070049,
  "UI": 0.003025732692808997,
  "MA": 0.014369902804155961,
  "AC": 0.00812292853684877,
  "CA": 0.008602390794324656,
  "SS": 0.009016683424570812,
  "SI": 0.002927978251964399,
  "IM": 0.0033376159088370013,
  "LO": 0.002299556846534838,
  "NG": 0.0007401407663948162,
  "GI": 0.0005865266450675902,
  "IN": 0.009314601720478159,
  "NQ": 0.0002932633225337951,
  "UA": 0.006074740252485756,
  "AD": 0.012056381037500466,
  "DE": 0.015119353517297882,
  "RO": 0.006107325066100622,
  "OD": 0.006125944959594831,
  "IE": 0.0012801176777268834,
  "AE": 0.00782035526756787,
  "EO": 0.0023647264737645703,
  "OS": 0.01337839347558932,
  "LI": 0.002820913864372696,
  "ID": 0.0038496629799277546,
  "DA": 0.009505455628793803,
  "RC": 0.0015733810002606784,
  "SC": 0.0035517446840204075,
  "OI": 0.0042639556101739095,
  "IS": 0.009184262466018694,
  "SH": 0.00019085390831564443,
  "OJ": 0.0005446318847056195,
  "JE": 0.0003165381894015566,
  "EP": 0.005115815737533981,
  "PR": 0.004212750903064834,
  "RE": 0.00996629799277548,
  "IR": 0.003952072394145905,
  "OP": 0.003956727367519458,
  "RQ": 0.002145942725207612,
  "EV": 0.004999441403195174,
  "RT": 0.002592820169068633,
  "TI": 0.005199605258257922,
  "IU": 0.0011730532901351805,
  "UP": 0.001489591479536737,
  "EG": 0.0031514169738949094,
  "GR": 0.0016664804677317246,
  "MI": 0.004007932074628533,
  "UN": 0.0034679551632964658,
  "RI": 0.006270249134174953,
  "SU": 0.002811603917625591,
  "US": 0.0018480244293002644,
  "NC": 0.0030629724797974155,
  "CI": 0.0039474174207723535,
  "OL": 0.0038450080065542025,
  "GA": 0.002211112352437344,
  "UQ": 0.0007261758462741593,
  "MT": 0.0007587606598890254,
  "IP": 0.0006889360592857408,
  "PO": 0.008425501806129668,
  "ND": 0.00638662346851376,
  "AQ": 0.004114996462220236,
  "ED": 0.005581313074889211,
  "TE": 0.010031467620005214,
  "EE": 0.0062655941608014,
  "TU": 0.0017781998286969798,
  "UD": 0.001829404535806055,
  "OV": 0.0028953934383495325,
  "MC": 0.0012102930771235988,
  "RP": 0.0012242579972442558,
  "RR": 0.0016199307339962016,
  "RS": 0.0011265035563996573,
  "IQ": 0.0004748072841023349,
  "CU": 0.001396492012065691,
  "NU": 0.0014942464529102894,
  "SO": 0.0064145533087550735,
  "OU": 0.006959185193460693,
  "UB": 0.00038170781663128886,
  "EI": 0.0047620377611440065,
  "MB": 0.0017269951215879045,
  "BO": 0.0013592522250772726,
  "AT": 0.005218225151752132,
  "OF": 0.0020342233642423567,
  "MV": 0.0005772166983204856,
  "CR": 0.0006516962722973225,
  "DI": 0.005772166983204856,
  "IT": 0.003635534204744349,
  "SL": 0.0003910177633783935,
  "IV": 0.0015221762931516031,
  "VR": 0.0002839533757866905,
  "SP": 0.003649499124865006,
  "MF": 0.000460842363981678,
  "AL": 0.006959185193460693,
  "LG": 0.001028749115555059,
  "GO": 0.0020156034707481474,
  "LA": 0.007056939634305291,
  "SN": 0.001903884109782892,
  "NO": 0.004943581722712546,
  "VI": 0.0037239786988418427,
  "UO": 0.0005492868580791718,
  "AH": 0.0009077198078426992,
  "OB": 0.0018619893494209213,
  "BJ": 3.2584813614866125e-05,
  "SM": 0.002564890328827319,
  "SD": 0.003225896547871746,
  "EQ": 0.0026021301158157375,
  "AG": 0.0020156034707481474,
  "NF": 0.000507392097717201,
  "FO": 0.0023135217666554945,
  "BR": 0.002299556846534838,
  "FE": 0.0016851003612259339,
  "MS": 0.0012801176777268834,
  "IO": 0.00248575578147693,
  "SQ": 0.001303392544594645,
  "NV": 0.0005027371243436487,
  "GE": 0.0011404684765203143,
  "LV": 0.0006516962722973225,
  "EJ": 0.0009030648344691469,
  "CH": 0.002346106580270361,
  "HE": 0.0015920008937548877,
  "GU": 0.0030583175064238634,
  "UR": 0.0015733810002606784,
  "UL": 0.001824749562432503,
  "BI": 0.0009496145682046698,
  "NI": 0.0016385506274904107,
  "IC": 0.0028348787844933525,
  "MQ": 0.001089263769411239,
  "EB": 0.0010194391688079544,
  "AB": 0.00319331173425688,
  "RG": 0.0009077198078426992,
  "NJ": 5.585968048262764e-05,
  "JA": 0.0014011469854392433,
  "DR": 0.0003723978698841843,
  "UT": 0.0016664804677317246,
  "NR": 0.00010240941421815067,
  "MG": 0.0002467135887982721,
  "RM": 0.0021552526719547166,
  "IX": 0.000567906751573381,
  "XA": 0.00046549733735523033,
  "BS": 0.0001349942278330168,
  "RV": 0.0007447957397683686,
  "OO": 0.0014616616392954232,
  "RL": 0.0001396492012065691,
  "OG": 0.0009635794883253268,
  "ZA": 0.00045618739060812575,
  "NH": 0.005525453394406584,
  "LU": 0.0009682344616988791,
  "SJ": 0.0001443041745801214,
  "OT": 0.0023693814471381224,
  "UC": 0.001443041745801214,
  "JU": 0.0006796261125386363,
  "FU": 0.0004934271775965442,
  "OX": 0.00022343872193051055,
  "XI": 0.00037705284325773654,
  "IZ": 0.0012568428108591218,
  "ZQ": 0.0002467135887982721,
  "ZN": 9.309946747104607e-05,
  "MD": 0.0016851003612259339,
  "FR": 0.000782035526756787,
  "SR": 0.00040963765687260267,
  "ZT": 7.913454735038915e-05,
  "MU": 0.0017269951215879045,
  "DU": 0.0005539418314527241,
  "MN": 0.0007913454735038915,
  "ZS": 6.0514653856179944e-05,
  "BA": 0.0014523516925483186,
  "IF": 0.0005772166983204856,
  "BU": 0.0004282575503668119,
  "MM": 0.0009775444084459837,
  "LD": 0.0004375674971139165,
  "OZ": 0.0002792984024131382,
  "RF": 0.0003863627900048412,
  "EX": 0.0006330763788031132,
  "XT": 5.120470710907533e-05,
  "UV": 0.0005027371243436487,
  "XP": 0.0001349942278330168,
  "PL": 0.0004422224704874688,
  "SB": 0.0004236025769932596,
  "HU": 0.0003444680296428704,
  "SG": 0.000307228242654452,
  "UU": 0.0003584329497635274,
  "LT": 0.001056678955796373,
  "SF": 0.0008704800208542807,
  "RJ": 6.0514653856179944e-05,
  "PU": 0.00040963765687260267,
  "BL": 0.00019085390831564443,
  "EH": 0.00039567273675194576,
  "IH": 2.3274866867761517e-05,
  "XE": 0.000153614121327226,