{
  "P": 0.02693820551611777,
  "A": 0.14986151518677993,
  "R": 0.061450017456068894,
  "J": 0.0027650413126963807,
  "O": 0.10220411963225881,
  "M": 0.04986384266263238,
  "E": 0.13261957407191902,
  "U": 0.049542650994995927,
  "F": 0.010054695682532293,
  "I": 0.05978354474572326,
  "L": 0.02617013848481322,
  "H": 0.012344931921331317,
  "Q": 0.01630164087047597,
  "S": 0.07421389503083906,
  "T": 0.04000930990340975,
  "B": 0.009333178168276505,
  "N": 0.05239613639008495,
  "D": 0.04377051088094961,
  "V": 0.02352147096473874,
  "Z": 0.004524613057139532,
  "C": 0.039622948911905036,
  "G": 0.010855347375770976,
  "X": 0.0015640637728383568,
  "Y": 2.327475852438031e-05,
  "K": 0.00022343768183405097,
  "W": 4.1894565343884556e-05
}